aircraft,load_case,fill,n_el,T_max_K,dT_K,hfl_max_Wm2,vM_farfield_MPa,fos_yield,u_max_mm,reaction_kN,RF_aft_kN,RF_mid_kN,RF_fwd_kN,ovality_mm,balance_ratio
E190,Baseline,0.1,238169,23.989,3.683,1567.1,162.63,1.611,7.77,10.1,6.0,1.8,6.0,3.00,0.9882
E190,Baseline,0.3,238169,23.986,3.681,1477.1,162.77,1.610,7.68,21.3,9.0,3.3,9.0,3.64,0.9949
E190,Baseline,0.5,238169,23.978,3.672,1346.7,163.15,1.606,7.53,32.4,11.5,9.5,11.5,3.99,0.9968
E190,Baseline,0.75,238169,23.925,3.619,1371.2,163.29,1.605,7.48,46.4,13.9,18.5,13.9,3.85,0.9987
E190,Baseline,0.9,238169,23.738,3.432,1317.3,163.52,1.602,7.45,54.7,14.8,25.1,14.8,3.04,0.9992
E190,LC1_Maneuver,0.1,238169,23.989,3.683,1567.1,162.72,1.610,7.77,25.4,9.5,6.4,9.5,7.52,0.9887
E190,LC1_Maneuver,0.3,238169,23.986,3.681,1477.1,162.94,1.608,7.68,53.2,16.3,20.6,16.3,8.55,0.9950
E190,LC1_Maneuver,0.5,238169,23.978,3.672,1346.7,163.31,1.604,7.52,81.0,22.6,35.8,22.6,9.32,0.9967
E190,LC1_Maneuver,0.75,238169,23.925,3.619,1371.2,164.04,1.597,7.50,115.9,29.8,56.3,29.8,8.94,0.9987
E190,LC1_Maneuver,0.9,238169,23.738,3.432,1317.3,164.62,1.592,7.49,136.8,33.5,69.8,33.5,6.95,0.9990
E190,LC3_Combined,0.1,238169,23.989,3.684,1569.1,164.77,1.590,7.92,29.9,2.9,17.0,15.5,0.72,1.0000
E190,LC3_Combined,0.3,238169,23.989,3.684,1562.6,168.38,1.556,7.92,62.3,2.9,36.9,32.3,1.60,0.9990
E190,LC3_Combined,0.5,238169,23.989,3.684,1625.2,171.50,1.528,7.91,94.6,5.2,63.4,35.4,1.40,0.9984
E190,LC3_Combined,0.75,238169,23.989,3.684,1569.1,175.76,1.491,8.06,135.3,11.5,98.9,34.3,1.50,0.9994
E190,LC3_Combined,0.9,238169,23.980,3.675,1455.5,178.37,1.469,8.18,159.6,22.9,114.4,34.3,1.43,0.9995
E190,LC7_Emergency,0.1,238169,23.989,3.684,1500.5,175.55,1.492,8.77,115.3,7.7,94.5,41.5,0.83,1.0005
E190,LC7_Emergency,0.3,238169,23.989,3.684,1479.5,195.89,1.338,9.83,239.5,7.7,199.1,82.6,2.70,0.9976
E190,LC7_Emergency,0.5,238169,23.989,3.684,1470.9,216.14,1.212,10.68,364.5,9.1,314.6,92.3,3.52,0.9987
E190,LC7_Emergency,0.75,238169,23.989,3.684,1487.1,241.66,1.084,11.82,520.7,25.3,460.3,91.9,3.59,0.9992
E190,LC7_Emergency,0.9,238169,23.984,3.678,1469.4,256.93,1.020,12.50,614.2,58.6,537.9,91.9,3.59,0.9990
A320,Baseline,0.1,165602,24.951,4.644,1801.0,178.93,1.464,9.21,13.1,12.3,11.4,12.3,1.67,0.9900
A320,Baseline,0.3,165602,24.950,4.643,1675.6,179.01,1.464,9.12,27.7,17.5,7.3,17.5,1.96,0.9956
A320,Baseline,0.5,165602,24.946,4.640,1536.7,179.36,1.461,8.89,42.2,21.2,0.2,21.2,2.09,0.9966
A320,Baseline,0.75,165602,24.917,4.611,1575.5,179.70,1.458,8.86,60.4,24.3,11.7,24.3,2.03,0.9983
A320,Baseline,0.9,165602,24.774,4.467,1489.0,180.11,1.455,8.85,71.4,24.7,21.9,24.7,1.79,0.9991
A320,LC1_Maneuver,0.1,165602,24.951,4.644,1801.0,178.95,1.464,9.21,32.7,17.6,2.4,17.6,3.59,0.9899
A320,LC1_Maneuver,0.3,165602,24.950,4.643,1675.6,179.01,1.464,9.11,69.2,28.5,12.2,28.5,4.20,0.9957
A320,LC1_Maneuver,0.5,165602,24.946,4.640,1536.7,179.34,1.461,8.88,105.5,37.9,29.7,37.9,4.48,0.9966
A320,LC1_Maneuver,0.75,165602,24.917,4.611,1575.5,180.58,1.451,8.90,151.1,48.2,54.6,48.2,4.32,0.9982
A320,LC1_Maneuver,0.9,165602,24.774,4.467,1489.0,181.59,1.443,8.92,178.5,52.9,72.7,52.9,3.70,0.9991
A320,LC3_Combined,0.1,165602,24.951,4.644,1778.0,179.34,1.461,9.32,38.5,4.3,20.7,22.8,0.42,0.9980
A320,LC3_Combined,0.3,165602,24.951,4.644,1799.6,182.85,1.433,9.30,81.0,6.2,43.6,50.2,1.08,0.9996
A320,LC3_Combined,0.5,165602,24.951,4.644,1778.1,185.50,1.412,9.26,123.2,13.6,73.0,55.8,0.88,0.9977
A320,LC3_Combined,0.75,165602,24.950,4.644,1751.5,189.00,1.386,9.37,176.3,25.5,117.2,51.5,1.01,0.9987
A320,LC3_Combined,0.9,165602,24.937,4.630,1687.1,191.48,1.368,9.49,208.3,38.1,139.3,51.5,0.85,0.9997
A320,LC7_Emergency,0.1,165602,24.951,4.644,1690.0,189.24,1.385,10.01,148.1,11.6,120.6,56.1,0.39,0.9975
A320,LC7_Emergency,0.3,165602,24.951,4.644,1693.2,206.32,1.270,10.88,311.1,11.6,255.0,121.5,1.96,0.9976
A320,LC7_Emergency,0.5,165602,24.951,4.644,1712.8,223.24,1.174,11.63,474.1,17.3,400.6,139.6,1.91,0.9975
A320,LC7_Emergency,0.75,165602,24.951,4.644,1691.7,244.56,1.071,12.65,679.5,47.1,587.9,138.2,2.00,0.9999
A320,LC7_Emergency,0.9,165602,24.938,4.631,1677.1,257.33,1.018,13.27,801.1,95.1,687.7,138.2,2.00,0.9988
A350,Baseline,0.1,126816,27.674,7.364,1520.9,61.32,4.273,9.08,148.3,89.0,29.8,89.1,5.75,0.9947
A350,Baseline,0.3,126816,27.666,7.356,1439.5,61.97,4.228,8.63,252.7,119.9,12.9,119.9,7.32,0.9974
A350,Baseline,0.5,126816,27.640,7.330,1300.0,62.18,4.213,8.06,356.9,141.1,74.8,141.0,7.70,0.9980
A350,Baseline,0.75,126816,27.510,7.199,1369.7,61.87,4.235,7.68,488.0,158.6,170.9,158.5,7.54,1.0001
A350,Baseline,0.9,126816,27.081,6.771,1284.0,61.93,4.230,7.46,566.3,160.3,245.9,160.1,7.82,1.0003
A350,LC1_Maneuver,0.1,126816,27.674,7.364,1520.9,64.13,4.085,9.07,370.7,139.5,91.7,139.5,14.25,0.9946
A350,LC1_Maneuver,0.3,126816,27.666,7.356,1439.5,65.93,3.974,9.04,631.8,204.6,222.8,204.4,17.13,0.9974
A350,LC1_Maneuver,0.5,126816,27.640,7.330,1300.0,65.70,3.988,9.44,892.3,260.2,372.3,259.8,16.81,0.9981
A350,LC1_Maneuver,0.75,126816,27.510,7.199,1369.7,66.04,3.967,9.30,1219.8,320.9,578.6,320.3,16.30,1.0000
A350,LC1_Maneuver,0.9,126816,27.081,6.771,1284.0,64.01,4.093,9.32,1415.8,348.2,720.1,347.5,16.28,1.0003
A350,LC3_Combined,0.1,126816,27.676,7.366,1542.5,63.12,4.151,9.80,434.6,56.8,262.5,178.3,1.86,0.9997
A350,LC3_Combined,0.3,126816,27.676,7.366,1514.2,66.24,3.956,9.80,737.6,56.8,449.0,335.7,4.85,0.9986
A350,LC3_Combined,0.5,126816,27.676,7.366,1514.5,69.29,3.781,9.49,1041.6,85.4,701.0,355.8,4.51,0.9990
A350,LC3_Combined,0.75,126816,27.676,7.366,1556.0,73.09,3.585,8.71,1421.6,135.2,1043.4,339.8,4.41,0.9993
A350,LC3_Combined,0.9,126816,27.661,7.350,1488.2,75.40,3.475,8.97,1649.6,234.5,1194.3,339.7,4.30,0.9994
A350,LC7_Emergency,0.1,126816,27.676,7.366,1444.4,72.51,3.613,11.71,1673.9,152.5,1394.6,469.1,2.59,1.0001
A350,LC7_Emergency,0.3,126816,27.676,7.366,1448.1,90.77,2.886,13.62,2837.9,152.5,2381.5,840.4,9.30,0.9979
A350,LC7_Emergency,0.5,126816,27.676,7.366,1445.7,108.99,2.404,15.06,4009.6,168.3,3472.0,916.4,12.46,0.9989
A350,LC7_Emergency,0.75,126816,27.676,7.366,1442.9,131.97,1.985,17.58,5473.4,304.6,4846.2,910.7,12.40,0.9993
A350,LC7_Emergency,0.9,126816,27.668,7.358,1444.3,145.69,1.798,19.12,6348.5,603.0,5577.5,910.6,12.40,0.9990
