load_case,fill,seed_mm,n_el,n_nd,T_min,T_max,dT,mises_MPa,mises_singular_MPa,fos,u_max_mm,sumRF_N,t_wall_mm,p_gauge_bar,axial_mem_min_MPa,sigma_cr_MPa,buckling_fos,orientation_ok,balance_ratio,hfl_max_Wm2,mean_S11_mem_MPa,mean_S22_mem_MPa,ovality_mm,ur_keel_mm,ur_flank_mm,RF_aft_kN,RF_mid_kN,RF_fwd_kN,probe_S11_sneg_MPa,probe_S11_spos_MPa,probe_S22_sneg_MPa,probe_S22_spos_MPa,cap_S11_mem_min_MPa,cap_S22_mem_min_MPa
Baseline,0.1,60.461693244566,126812,126783,20.31077003479,27.6744499206543,7.36367988586426,13.286358,22.369506,19.7194746671737,3.41756734997034,148299.366477966,5.674,0.18675,-0.9406755,33.155058459053,35.24601040321875,True,0.994628677511756,1520.89222888244,4.245724361591325,8.523646764520088,5.73640280998683,2.596766954477465,2.456864662416145,89.0154698200226,29.7824786834717,89.0663753414154,1.73602275,1.741927625,8.403686,8.415279,2.490387,-10.471878
Baseline,0.3,60.461693244566,126812,126783,20.31077003479,27.6662940979004,7.35552406311035,13.299306,22.259486,19.7002760895944,4.46026492863894,252699.8743186,5.674,0.18675,-2.77988025,33.155058459053,11.926793774319234,True,0.99740635192547,1439.53650106228,4.275152795364444,8.622524286805682,7.321278255098349,-0.027475493107857824,-0.2529680271545599,119.877002481461,12.9377839202881,119.885087916851,0.4136185625,0.591187,8.143135,8.669218,2.5851755,-10.415222
Baseline,0.5,60.461693244566,126812,126783,20.31077003479,27.6403102874756,7.32954025268555,12.889597,23.018662,20.3264694776726,4.64598927646875,356912.117590308,5.674,0.18675,-4.198664,33.155058459053,7.896573400265655,True,0.998038003609689,1300.06029365103,4.326618642009633,8.738110383115055,7.703975796890713,-0.04272963632481929,-4.4136722642713675,141.081894340992,74.8069033813477,141.023319867969,-0.63286025,-0.79359925,8.631714,8.1800645,2.5623775,-10.284331
Baseline,0.75,60.461693244566,126812,126783,20.31077003479,27.5098438262939,7.19907379150391,12.404214,24.34969,21.1218542343755,4.52483119443059,487939.874324799,5.674,0.18675,-5.617429,33.155058459053,5.902176682438354,True,1.00001059204653,1369.7288444878,4.42886192441899,8.922315087120525,7.5445810143659475,0.7400103690002122,-0.538726315403974,158.632602615356,170.839628398895,158.467643310547,-1.104655875,-1.9564005,9.712388,7.1320225,2.3464355,-10.186006
Baseline,0.9,60.461693244566,126812,126783,20.31077003479,27.0812835693359,6.7705135345459,13.419131,25.090308,19.5243641335642,4.24103438854218,566312.535482407,5.674,0.18675,-6.808061,33.155058459053,4.869970827090562,True,1.00032723810537,1284.01947805301,4.523902998341497,9.079431103763051,7.815984781534035,0.753969772370938,1.342767972300239,160.320350355148,245.922260437012,160.069924690247,-2.44651125,-1.79125,7.516624,9.308987,0.898388,-9.25246
LC1_Maneuver,0.1,60.461693244566,126812,126783,20.31077003479,27.6744499206543,7.36367988586426,16.436489,22.342594,15.9401439078626,7.6334304176271,370751.11923027,5.674,0.18675,-1.36576025,33.155058459053,24.27589941869592,True,0.99463592910438,1520.89222888244,4.253627322287111,8.58922987112982,14.256246937067605,6.801148204119421,4.089140100531612,139.553012071609,91.7236761837006,139.47443097496,1.0399991875,1.04899225,8.290966,8.3134685,0.388273,-10.466234
LC1_Maneuver,0.3,60.461693244566,126812,126783,20.31077003479,27.6662940979004,7.35552406311035,19.383482,25.368226,13.5166633115763,10.5325374752283,631748.84205389,5.674,0.18675,-3.1521785,33.155058459053,10.518141170956213,True,0.997405019824708,1439.53650106228,4.327198097002634,8.836265461821274,17.138475751577666,-0.1871739563689097,-1.871133591167212,204.589725785255,222.785075797081,204.374040471554,-0.6234213125,-0.206732953125,7.6721275,8.917624,1.29543225,-14.41507
LC1_Maneuver,0.5,60.461693244566,126812,126783,20.31077003479,27.6403102874756,7.32954025268555,20.367654,27.797844,12.8635335223193,10.9811117872596,892285.739341736,5.674,0.18675,-4.508528,33.155058459053,7.353854397500248,True,0.998044094388801,1300.06029365103,4.455863318450809,9.125128560539764,16.812858689906278,-0.0795043033633316,-10.755455716790687,260.186926681519,372.287793067932,259.811019592285,-1.86601525,-2.160132,8.693746,7.893355,1.375192,-16.166862
LC1_Maneuver,0.75,60.461693244566,126812,126783,20.31077003479,27.5098438262939,7.19907379150391,20.365854,27.916836,12.8646704429876,10.8665861189365,1219848.13201904,5.674,0.18675,-5.517937,33.155058459053,6.008596774311305,True,1.00000931827532,1369.7288444878,4.711471190069363,9.58546845143541,16.299325224398864,1.7458613605760391,-0.673492661372687,320.941633308411,578.564857727051,320.341640983582,-1.373551625,-3.31622675,11.253685,5.4073725,0.9390115,-16.267922
LC1_Maneuver,0.9,60.461693244566,126812,126783,20.31077003479,27.0812835693359,6.7705135345459,18.718034,25.621412,13.9971965004444,9.12272464483976,1415779.95883179,5.674,0.18675,-7.3682555,33.155058459053,4.49971617556598,True,1.00032626314848,1284.01947805301,4.9490730540882675,9.978106612212565,16.27703805358299,1.6453191080020126,3.2885937489914188,348.238407913208,720.059474273682,347.482076644897,-3.1505455,-1.815954375,6.489835,10.133379,-1.373239,-14.159034
LC3_Combined,0.1,60.461693244566,126812,126783,20.31077003479,27.6763706207275,7.3656005859375,10.861316,26.355086,24.1223070942784,3.78489680588245,434554.616690098,5.674,0.18675,2.2289005,33.155058459053,inf,True,0.999669832521485,1542.48236827696,4.665726076905667,8.571072024433178,1.8575583578179833,1.771027596181575,0.5780218937680385,56.849400814414,262.489036887112,178.26125505352,2.67715475,2.672665,8.3013185,8.300448,3.81899775,-10.378276
LC3_Combined,0.3,60.461693244566,126812,126783,20.31077003479,27.6763706207275,7.3656005859375,15.523696,29.799052,16.8774240361316,3.78483696840703,737602.366172301,5.674,0.18675,0.6240543125,33.155058459053,inf,True,0.998573282706828,1514.20022464418,5.514165798519953,9.179981320347235,4.85069392348151,2.592065891475324,-1.9530739637983316,56.8446230945587,448.987233674117,335.686909534372,2.6769315,2.67243975,8.3013155,8.300451,4.060765,-10.378321
LC3_Combined,0.5,60.461693244566,126812,126783,20.31077003479,27.6763706207275,7.3656005859375,18.708234,32.616772,14.0045287011056,3.48091265186667,1041582.00445195,5.674,0.18675,-0.954817375,33.155058459053,34.72397897980543,True,0.999009897313852,1514.48350474108,6.36534292675229,10.530375033838293,4.509944453907203,2.5053789185238977,0.9095972044085349,85.4182284557819,701.024447643323,355.77670578289,1.23182225,1.224572875,8.3067575,8.296022,3.965422,-10.380004
LC3_Combined,0.75,60.461693244566,126812,126783,20.31077003479,27.6763172149658,7.36554718017578,20.687252,25.473512,12.6648043925795,2.82627693377435,1421616.4478707,5.674,0.18675,-1.56677325,33.155058459053,21.16136362364688,True,0.999335388027642,1555.95640679415,7.429571060256509,13.210364260345624,4.40566621223256,2.454419626866409,-1.9193799718443794,135.180530307293,1043.38342269489,339.752036428085,-0.45913734375,-0.5233615,8.388475,8.214189,3.098612,-10.475537
LC3_Combined,0.9,60.461693244566,126812,126783,20.31077003479,27.6606502532959,7.34988021850586,22.719964,27.999774,11.5317084129183,3.02430661395192,1649601.04813716,5.674,0.18675,-3.67094925,33.155058459053,9.031739803826762,True,0.99943690143978,1488.22270718192,8.07727063465617,15.39328059481562,4.298651322528458,2.683593783014226,0.5189077045562576,234.5302150774,1194.29678220434,339.736144288063,-3.18058125,-3.068657,8.831462,9.341924,2.9073785,-10.44274
LC7_Emergency,0.1,60.461693244566,126812,126783,20.31077003479,27.6763706207275,7.3656005859375,19.534106,34.4447,13.4124387366384,5.74464723467827,1673857.73452452,5.674,0.18675,-3.706459,33.155058459053,8.945211172996382,True,1.00012653947212,1444.42324603001,6.796228585831144,8.751626302688758,2.593751050146779,2.116972673561385,0.17260335621101502,152.535370132864,1394.6034223049,469.106729249375,-1.059214125,-1.069996125,8.0536125,8.051254,3.502998,-11.850716
LC7_Emergency,0.3,60.461693244566,126812,126783,20.31077003479,27.6763706207275,7.3656005859375,40.287004,49.529964,6.50333790023204,7.80250830575824,2837939.14956832,5.674,0.18675,-3.71305,33.155058459053,8.929332613095164,True,0.99789514657715,1448.08502116265,11.874382645244392,12.350530477417669,9.298362053025327,4.2663007741672185,1.1623711683935116,152.501377925943,2381.53075965948,840.417745656769,-1.057444125,-1.068266875,8.053676,8.051191,3.5033295,-18.966976
LC7_Emergency,0.5,60.461693244566,126812,126783,20.31077003479,27.6763706207275,7.3656005859375,56.098668,65.0219,4.67034261847358,9.26090683788061,4009608.16611203,5.674,0.18675,-2.315924,33.155058459053,14.31612542512319,True,0.998854997992949,1445.69853932331,16.985909210423255,20.527850807190134,12.460589579206767,5.393637618085932,3.8662048847517703,168.299461897372,3471.96489070562,916.361738004101,-1.924450875,-1.913271875,8.0192115,8.0851725,3.426474,-25.31472
LC7_Emergency,0.75,60.461693244566,126812,126783,20.31077003479,27.6763648986816,7.3655948638916,78.550952,87.635152,3.33541470000262,11.6611737757921,5473392.28812847,5.674,0.18675,-15.223998,33.155058459053,2.177815476529424,True,0.999331537682032,1442.9224170282,23.37580923170602,36.557881052492604,12.404486734546014,6.155655772216541,4.590852660868813,304.614782696115,4846.15534945509,910.672024367903,-8.558456,-8.3510135,7.861756,8.3165765,2.2960125,-32.863248
LC7_Emergency,0.9,60.461693244566,126812,126783,20.31077003479,27.6684513092041,7.35768127441406,92.303688,102.083632,2.83845646557481,13.1329959258437,6348460.62245178,5.674,0.18675,-20.85097,33.155058459053,1.5900966937774597,True,0.999008255402253,1444.27092807128,27.19284269252449,49.547899076191484,12.403830116062622,6.605049713211329,5.0399003799275235,602.996891455664,5577.49692197471,910.645286534052,-16.631183,-15.702294,20.075898,20.656684,2.5787455,-37.549392
