stage,load_case,fill,seed_mm,n_el,n_nd,T_min,T_max,dT,mises_MPa,mises_singular_MPa,fos,u_max_mm,sumRF_N,t_wall_mm,p_gauge_bar,axial_mem_min_MPa,sigma_cr_MPa,buckling_fos,orientation_ok,balance_ratio,hfl_max_Wm2,mean_S11_mem_MPa,mean_S22_mem_MPa,ovality_mm,ur_keel_mm,ur_flank_mm,RF_aft_kN,RF_mid_kN,RF_fwd_kN,probe_S11_sneg_MPa,probe_S11_spos_MPa,probe_S22_sneg_MPa,probe_S22_spos_MPa,cap_S11_mem_min_MPa,cap_S22_mem_min_MPa
iteration 0, stability pressure,LC7_Emergency,0.9,75.6553970315403,80049,79982,20.31077003479,27.6369724273682,7.32620239257812,62.7242,65.603076,4.1770162074606,8.77787545323372,6963778.49113121,8.884,0.18675,-17.015256,63.153681725338,3.711591628438503,True,0.999025284674495,1162.207354378,17.366198934961215,31.640239563426363,7.931625855193315,4.943570241340995,2.5277542766925865,687.300836325985,6107.54485727036,998.884137351845,-12.366403,-11.88143,12.78947,12.730509,1.3988545,-23.827724
iteration 0, design pressure,LC7_Emergency,0.9,75.6553970315403,80049,79982,20.31077003479,27.6369724273682,7.32620239257812,99.08408,107.44128,2.64421893002387,12.6714780926704,6963778.50403127,8.884,1.5,2.028157125,63.153681725338,inf,True,0.999025286525141,1162.207354378,36.40967102496255,69.72771407045096,7.931395974740718,6.0644422476936635,3.6487832041569455,687.301569668289,6107.54458467837,998.884119501065,6.6777065,7.1613375,50.878368,50.815392,20.446908,-35.230276
iteration 1, stability pressure,LC7_Emergency,0.9,60.471818149895,126811,126772,20.31077003479,27.6684417724609,7.3576717376709,91.972136,102.048768,2.84868886811545,13.1288571283221,6348825.09356548,5.67590049335139,0.18675,-20.8467,33.1713868291906,1.5912056502559444,True,0.999008293164697,1444.0154646365,27.18373992048643,49.531310831849645,12.399853447067038,6.603184249305649,5.038153450017345,603.048516409291,5577.81075919735,910.696148069047,-16.627488,-15.698902,20.069102,20.64941,2.5775685,-37.534664
iteration 1, design pressure,LC7_Emergency,0.9,60.471818149895,126811,126772,20.31077003479,27.6684417724609,7.3576717376709,145.512624,164.631552,1.80053106595068,19.1130954772234,6348825.08903537,5.67590049335139,1.5,8.962946,33.1713868291906,inf,True,0.999008292451869,1444.0154646365,56.99318902610296,109.14686906632869,12.400046127709032,8.35786301666873,6.793485175148643,603.048230711345,5577.81087689512,910.696134832313,13.181888,14.11098,79.687264,80.269152,32.392466,-56.150808
iteration 2, stability pressure,LC7_Emergency,0.9,59.734413847515,130549,130511,20.31077003479,27.6691989898682,7.35842895507812,94.937808,104.56524,2.75970138261461,13.454987667501,6322678.70236533,5.5383185715823,0.18675,-22.163824,31.9946486431999,1.4435527300343085,True,0.999043260558552,1482.46831786604,27.85941137357802,50.76303471321493,11.94963964758941,7.345228351609272,4.778288582121984,597.989850329026,5555.20238883808,908.523924365316,-16.612407,-15.800571,20.64725,21.184786,2.854426,-38.491272
iteration 2, design pressure,LC7_Emergency,0.9,59.734413847515,130549,130511,20.31077003479,27.6691989898682,7.35842895507812,150.255536,168.267776,1.7436961524,19.5964779704809,6322678.71399157,5.5383185715823,1.5,8.386105,31.9946486431999,inf,True,0.999043262395607,1482.46831786604,58.40950176630774,111.85971660978464,11.949768480969157,9.143740822764622,6.576800330509452,597.990125088108,5555.20228817417,908.523925582626,13.937425,14.750162,81.745872,82.286168,33.409914,-57.641068
iteration 3, stability pressure,LC7_Emergency,0.9,60.4602030780195,126805,126771,20.31077003479,27.6684532165527,7.3576831817627,92.606296,102.088776,2.82918129022243,13.1336040794849,6348406.92142339,5.67372031544816,0.18675,-20.851602,33.1526556799346,1.5899332665151846,True,0.999008239783626,1444.30855706383,27.194184663894507,49.55034441740097,12.404416280830961,6.605325087774702,5.040158046668516,602.989253895718,5577.45069339922,910.637788691996,-16.631728,-15.7028,20.07691,20.657746,2.578919,-37.55156
iteration 3, design pressure,LC7_Emergency,0.9,60.4602030780195,126805,126771,20.31077003479,27.6684532165527,7.3576831817627,146.498288,164.684752,1.78841680388784,19.119668751955,6348406.89833322,5.67372031544816,1.5,8.969496,33.1526556799346,inf,True,0.999008236150073,1444.30855706383,57.015087390910736,109.188809839419,12.404607515961345,8.360677474804616,6.79616447559425,602.988968662159,5577.45079669086,910.637773953618,13.189102,14.118535,79.717976,80.300392,32.40527,-56.17596
iteration 4, stability pressure,LC7_Emergency,0.9,59.7348855208197,130548,130510,20.31077003479,27.6691989898682,7.35842895507812,94.924928,104.563504,2.76007583592795,13.454781845212,6322695.97015661,5.53840603497797,0.18675,-22.163592,31.9953932612019,1.4436014370415173,True,0.999043340317034,1482.45619632535,27.858958646144803,50.76220979204705,11.949469797130838,7.345121381962608,4.7782155825658155,597.992302095123,5555.21725645824,908.526338555415,-16.61223,-15.8004,20.646902,21.184434,2.8543665,-38.490548
iteration 4, design pressure,LC7_Emergency,0.9,59.7348855208197,130548,130510,20.31077003479,27.6691989898682,7.35842895507812,150.235056,168.265472,1.74393385256235,19.5954870432615,6322695.96864033,5.53840603497797,1.5,8.385842,31.9953932612019,inf,True,0.999043340077448,1482.45619632535,58.408552595281286,111.85789885034332,11.949599353278494,9.143604942402643,6.5766984202379675,597.992577264834,5555.21713860267,908.526338556632,13.937105,14.749836,81.744528,82.284824,33.409356,-57.639984
iteration 5, stability pressure,LC7_Emergency,0.9,60.4601704910918,126806,126773,20.31077003479,27.6684532165527,7.3576831817627,92.004216,102.088968,2.84769558821087,13.1336292251945,6348404.9868276,5.67371419938984,0.18675,-20.851624,33.1526031371713,1.5899290691780799,True,0.999008119802009,1444.30989853556,27.194232589014344,49.550431762593796,12.4044365183322,6.605335206525062,5.040167442650656,602.988981991514,5577.44902564799,910.637521590939,-16.631747,-15.702819,20.076946,20.657784,2.5789255,-37.551636
iteration 5, design pressure,LC7_Emergency,0.9,60.4601704910918,126806,126773,20.31077003479,27.6684532165527,7.3576831817627,145.52992,164.685008,1.80031707569138,19.1196762025356,6348404.97468024,5.67371419938984,1.5,8.969526,33.1526031371713,inf,True,0.999008117890455,1444.30989853556,57.01518789319412,109.1890023187881,12.404629018306535,8.360690484626508,6.796177485415675,602.988695624622,5577.44913950141,910.637509159195,13.189135,14.11857,79.71812,80.300536,32.40533,-56.176072
