load_case,fill,seed_mm,n_el,n_nd,T_min,T_max,dT,mises_MPa,mises_singular_MPa,fos,u_max_mm,sumRF_N,t_wall_mm,p_gauge_bar,axial_mem_min_MPa,sigma_cr_MPa,buckling_fos,orientation_ok,balance_ratio,hfl_max_Wm2,mean_S11_mem_MPa,mean_S22_mem_MPa,ovality_mm,ur_keel_mm,ur_flank_mm,RF_aft_kN,RF_mid_kN,RF_fwd_kN,probe_S11_sneg_MPa,probe_S11_spos_MPa,probe_S22_sneg_MPa,probe_S22_spos_MPa,cap_S11_mem_min_MPa,cap_S22_mem_min_MPa
LC3_Combined,0.1,20.4762129463678,238169.0,238075.0,20.3053855895996,23.9893283843994,3.6839427947998,164.76856,183.366512,1.59010918102337,7.91740231215954,29919.4866242179,1.288591,1.5,74.94852,9.85433299633103,inf,True,0.999960781529295,1569.07947369641,76.1426141652264,151.574738731731,0.720272380276182,2.73034342188541,2.33309972166128,2.8865879226923,17.0300297572083,15.4830629621148,75.154576,75.171592,151.375536,151.429376,75.53976,-49.784896
LC3_Combined,0.3,20.4762129463678,238169.0,238075.0,20.3053855895996,23.9893283843994,3.6839427947998,168.378704,186.006336,1.55601625250661,7.91736412793398,62297.7700740001,1.288591,1.5,73.680608,9.85433299633103,inf,True,0.998996645523608,1562.55251318006,76.9329961515262,152.12711407373,1.59655207512599,2.96652314961436,1.48458524934953,2.88711747395992,36.8693620048988,32.3083166052401,75.154184,75.171216,151.37552,151.429392,75.644648,-51.688616
LC3_Combined,0.5,20.4762129463678,238169.0,238075.0,20.3053855895996,23.9893283843994,3.6839427947998,171.500688,187.980608,1.52769066442462,7.90971051901579,94644.2092622737,1.288591,1.5,73.087288,9.85433299633103,inf,True,0.998356436294243,1625.23684534495,77.7226722860117,153.37863657396,1.40459572820547,2.95051517021063,2.47209720068417,5.19647742591798,63.3617543524774,35.4173771743774,74.365904,74.383856,151.374256,151.430608,75.456264,-51.371108
LC3_Combined,0.75,20.4762129463678,238169.0,238075.0,20.3053855895996,23.9892425537109,3.68385696411133,175.761952,186.900208,1.49065253895223,8.06467607617378,135263.007116992,1.288591,1.5,72.09016,9.85433299633103,inf,True,0.999360091048759,1569.06391289333,78.714288101082,155.87910018309,1.49705001529891,2.96516516461549,1.48888613134156,11.4898594254255,98.8604691309875,34.2799344204664,73.04016,73.041384,151.398816,151.40616,74.898896,-52.634296
LC3_Combined,0.9,20.4762129463678,238169.0,238075.0,20.3053855895996,23.9803848266602,3.67499923706055,178.37384,188.921104,1.46882524926301,8.18197894841433,159597.748522919,1.288591,1.5,70.783352,9.85433299633103,inf,True,0.999488790116138,1455.45139155309,79.33669635674,157.96200443444,1.42826318235303,2.9757263558147,2.12039806112589,22.8791921616793,114.426819901376,34.2794882443175,70.92216,71.013672,151.691216,151.955728,74.760872,-53.38666
LC7_Emergency,0.1,20.4762129463678,238169.0,238075.0,20.3053855895996,23.9893283843994,3.6839427947998,175.548272,188.147824,1.49246698366817,8.7709641084075,115255.948058515,1.288591,1.5,73.154544,9.85433299633103,inf,True,1.00049832907694,1500.48626440334,78.1248249704451,151.667088333842,0.825906371151071,2.66369589385442,2.12011648184608,7.74513216430281,94.4670815813795,41.5278457959226,73.665768,73.681576,151.249616,151.303072,75.363792,-56.473864
LC7_Emergency,0.3,20.4762129463678,238169.0,238075.0,20.3053855895996,23.9893283843994,3.6839427947998,195.88512,199.473696,1.33751864358048,9.83031280338764,239511.581855167,1.288591,1.5,73.151296,9.85433299633103,inf,True,0.99756737609608,1479.51749188344,82.852094827052,154.792985322683,2.69514546740407,3.57416535331213,2.45151507914655,7.74271217270578,199.149417759773,82.6416006753575,73.666568,73.682368,151.249632,151.303072,75.363952,-62.726576
LC7_Emergency,0.5,20.4762129463678,238169.0,238075.0,20.3053855895996,23.9893283843994,3.6839427947998,216.140576,216.140576,1.2121740621252,10.6823081150651,364504.667133956,1.288591,1.5,72.996328,9.85433299633103,inf,True,0.998662767654447,1470.91068928721,87.6074449563092,162.521883922833,3.52220544241763,4.06435053097095,3.28091704477685,9.05924243473457,314.620644971211,92.2660169615154,73.187216,73.204704,151.24704,151.305696,75.261648,-69.11992
LC7_Emergency,0.75,20.4762129463678,238169,238075,20.3053855895996,23.9893188476562,3.68393325805664,241.65712,241.65712,1.08418075991305,11.8171479552984,520671.399443591,1.288591,1.5,66.928248,9.85433299633103,inf,True,0.999150423094756,1487.12435259728,93.54876379088907,177.31392334722727,3.5891055814739423,4.417895333179189,3.6394805290272756,25.3482517483836,460.301660936853,91.9039265197049,67.965232,68.083,151.129216,151.367488,74.245808,-76.554752
LC7_Emergency,0.9,20.4762129463678,238169,238075,20.3053855895996,23.9836177825928,3.67823219299316,256.933472,256.933472,1.01971922132434,12.5032570213079,614167.753846289,1.288591,1.5,60.370116,9.85433299633103,inf,True,0.998992822867135,1469.42094050365,97.10583574819064,189.6279731339772,3.5891187152390205,4.629858347522317,3.851140489342652,58.6154261464629,537.928263050302,91.9008115089459,61.3057,62.11178,161.973376,162.210176,74.6372,-80.957552
